﻿pos_x,pos_y,rotation,side,designator,mpn,pack,footprint,value,mount_type
85.32,-57.1,-90.0,top,A1,,,Arduino_Nano,Arduino_Nano_v3.x,tht
56.57,-51.297,0.0,top,J1,,,TerminalBlock_bornier-2_P5.08mm,5V Output,tht
74.79,-94.32,90.0,top,J10,,,PinHeader_1x06_P2.54mm_Vertical,Conn_01x06_Pin,tht
50.099792,-86.87,180.0,top,J11,,,PinHeader_2x04_P2.54mm_Vertical,Conn_02x04_Odd_Even,tht
71.489688,-78.976,-90.0,top,J14,,,TerminalBlock_bornier-3_P5.08mm,Switch/Buttons,tht
66.73,-51.307,0.0,top,J2,,,TerminalBlock_bornier-2_P5.08mm,5V Output,tht
46.39,-51.3,0.0,top,J3,,,TerminalBlock_bornier-2_P5.08mm,PWM Output,tht
76.89,-51.307,0.0,top,J4,,,TerminalBlock_bornier-2_P5.08mm,12V Input,tht
91.71,-72.0525,90.0,top,J5,,,PinHeader_1x04_P2.54mm_Vertical,Conn_01x04_Pin,tht
107.91,-59.62,0.0,top,J7,,,PinHeader_1x06_P2.54mm_Vertical,Conn_01x06_Pin,tht
84.49,-107.71,0.0,top,J9,,,PinHeader_1x04_P2.54mm_Vertical,Conn_01x04_Pin,tht
